<?xml version='1.0' encoding='UTF-8' standalone='no'?>
<?xml-stylesheet href="dialog.xsl" type="text/xsl"?>
<dialog defbtn='okay'>
	<text name='title' framed='true' top='10' left='50' width='450' height='10'/>

	<editgroup name='editor'>
		<code name='code' top='50' left='8' width='500' height='200'/>
		<button name='code-reindent' type='large' top='260' left='5'>Reindent code</button>
		<button name='code-check' type='large' top='260' left='110'>Check code</button>
		<button name='insert-enum' type='tiny' top='260' left='230'>add an enum</button>
		<text framed='true' top='255' left='314' width='180' height='30'/>
		<text top='255' left='350' width='50' height='10'>Insert functions:</text>
		<button name='function-int' type='tiny' top='270' left='320'>-> int</button>
		<button name='function-string' type='tiny' top='270' left='370'>-> string</button>
		<button name='function-void' type='tiny' top='270' left='440'>-> void</button>
	</editgroup>

	<text name='desc' framed='true' top='290' left='10' width='490' height='50'/>

	<button name='okay' type='regular' top='350' left='445'>OK</button>
	<button name='cancel' type='regular' def-key='esc' top='350' left='380'>Cancel</button>
</dialog>
