<?xml version='1.0' encoding='UTF-8' standalone='no'?>
<?xml-stylesheet href="dialog.xsl" type="text/xsl"?>
<dialog defbtn='okay'>
	<field name='str1' top='83' left='57' width='540' height='39'/>
	<field name='str2' top='129' left='57' width='540' height='39'/>
	<field name='str3' top='175' left='57' width='540' height='39'/>
	<field name='str4' top='221' left='57' width='540' height='39'/>
	<field name='str5' top='267' left='57' width='540' height='39'/>
	<field name='str6' top='313' left='57' width='540' height='39'/>
	<button name='prev' type='left' def-key='left' top='358' left='255'/>
	<button name='next' type='right' def-key='right' top='358' left='320'/>
	<button name='okay' type='regular' top='358' left='541'>OK</button>
	<button name='cancel' type='regular' def-key='esc' top='358' left='475'>Cancel</button>
	<text size='large' top='6' left='50' width='156' height='17'>Scenario Details</text>
	<text top='22' left='50' width='300' height='40'>
		This is where you can write the text that is displayed to the player upon starting the scenario.
		You can define the scenario's icon and 4 screens and their icon.
	</text>
	<text size='large' top='63' left='50' width='120' height='14'>Introductory text:</text>

	<pict name='scenpic' type='scen' num='0' top='8' left='8'/>
	<text top='6' left='340' width='149' height='14'>Scenario icon number:</text>
	<field name='scennum' type='uint' top='6' left='473' width='40' height='16'/>
	<button name='scenchoose' type='large' top='3' left='524'>Select Icon</button>

	<text size='small' top='80' left='2' width='30' height='17'>Screen</text>
	<text name='screennum' size='small' top='80' left='42' width='10' height='16'/>
	<pict name='pic' type='scen' num='0' top='100' left='8'/>
	<text top='52' left='340' width='149' height='14'>Intro icon number:</text>
	<field name='picnum' type='uint' top='52' left='473' width='40' height='16'/>
	<button name='choose' type='large' top='49' left='524'>Select Icon</button>
</dialog>
