<?xml version='1.0' encoding='UTF-8' standalone='no'?>
<?xml-stylesheet href="dialog.xsl" type="text/xsl"?>
<dialog defbtn='done'>
	<pict type='dlog' num='16' top='8' left='8'/>
	<text name='title' size='large' top='6' left='50' width='256' height='14'>Select:</text>
	<group name='strings'>
		<led name='led1' state='off' top='54' left='8' width='180'/>
		<led name='led2' state='off' top='69' left='8' width='180'/>
		<led name='led3' state='off' top='84' left='8' width='180'/>
		<led name='led4' state='off' top='99' left='8' width='180'/>
		<led name='led5' state='off' top='114' left='8' width='180'/>
		<led name='led6' state='off' top='129' left='8' width='180'/>
		<led name='led7' state='off' top='144' left='8' width='180'/>
		<led name='led8' state='off' top='159' left='8' width='180'/>
		<led name='led9' state='off' top='174' left='8' width='180'/>
		<led name='led10' state='off' top='189' left='8' width='180'/>
		<led name='led11' state='off' top='204' left='8' width='180'/>
		<led name='led12' state='off' top='219' left='8' width='180'/>
		<led name='led13' state='off' top='234' left='8' width='180'/>
		<led name='led14' state='off' top='249' left='8' width='180'/>
		<led name='led15' state='off' top='264' left='8' width='180'/>
		<led name='led16' state='off' top='279' left='8' width='180'/>
		<led name='led17' state='off' top='294' left='8' width='180'/>
		<led name='led18' state='off' top='309' left='8' width='180'/>
		<led name='led19' state='off' top='324' left='8' width='180'/>
		<led name='led20' state='off' top='339' left='8' width='180'/>
		<led name='led21' state='off' top='54' left='216' width='180'/>
		<led name='led22' state='off' top='69' left='216' width='180'/>
		<led name='led23' state='off' top='84' left='216' width='180'/>
		<led name='led24' state='off' top='99' left='216' width='180'/>
		<led name='led25' state='off' top='114' left='216' width='180'/>
		<led name='led26' state='off' top='129' left='216' width='180'/>
		<led name='led27' state='off' top='144' left='216' width='180'/>
		<led name='led28' state='off' top='159' left='216' width='180'/>
		<led name='led29' state='off' top='174' left='216' width='180'/>
		<led name='led30' state='off' top='189' left='216' width='180'/>
		<led name='led31' state='off' top='204' left='216' width='180'/>
		<led name='led32' state='off' top='219' left='216' width='180'/>
		<led name='led33' state='off' top='234' left='216' width='180'/>
		<led name='led34' state='off' top='249' left='216' width='180'/>
		<led name='led35' state='off' top='264' left='216' width='180'/>
		<led name='led36' state='off' top='279' left='216' width='180'/>
		<led name='led37' state='off' top='294' left='216' width='180'/>
		<led name='led38' state='off' top='309' left='216' width='180'/>
		<led name='led39' state='off' top='324' left='216' width='180'/>
		<led name='led40' state='off' top='339' left='216' width='180'/>
	</group>
	<button name='left' type='left' def-key='left' top='358' left='8'/>
	<button name='right' type='right' def-key='right' top='358' left='71'/>
	<button name='done' type='regular' top='358' left='338'>OK</button>
	<button name='cancel' type='regular' def-key='esc' top='358' left='272'>Cancel</button>
</dialog>
