<?xml version='1.0' encoding='UTF-8' standalone='no'?>
<?xml-stylesheet href="dialog.xsl" type="text/xsl"?>
<dialog defbtn='done'>
	<!--
	 TODO: Assign numeric types (type = 'int' or 'uint') to fields as appropriate
	 -->
	<text size='large' top='6' left='50' height='17' width='138'>Edit Ground Type</text>
	<pict name='graphic' type='ter' num='0' top='8' left='8'/>
	<text top='8' left='222' height='14' width='111'>Ground number:</text>
	<text name='number' top='8' left='340' height='14' width='37'>*num</text>
	<text top='31' left='50' height='14' width='120'>Ground type name:</text>
	<field name='name' top='30'  left='186' height='16' width='186'/>
	<text top='63' left='9' height='14' width='120'>Ground picture:</text>
	<field name='pict' top='62'  left='141' height='16' width='52' />
	<button name='pickpict' type='large' top='59' left='205'>Pick Picture</button>
	<button name='pickanim' type='large' top='59' left='319'>Animated</button>
	<text top='90' left='39' width='60' height='14'>Map icon:</text>
	<pict name='seemap' top='90' left='7' type='map' num='0'/>
	<field name='map' top='90' left='141' width='42' height='16'/>
	<button name='pickmap' type='regular' top='90' left='205'>Choose</button>
	<text top='90' left='311' height='16' width='240'>(Enter -1 to scale down the large picture)</text>
	<text top='130' left='7' height='14' width='100'>Combat Arena:</text>
	<field name='arena' top='130' left='141' height='16' width='52'/>
	<button name='pickarena' type='regular' top='126' left='205'>Choose</button>
	<button name='picktown' type='regular' top='126' left='279'>Custom</button>
	<button name='done' type='regular' top='170' left='517'>OK</button>
	<button name='cancel' type='regular' def-key='esc' top='170' left='451'>Cancel</button>
	<button name='left' type='left' top='170' left='11'/>
	<button name='right' type='right' top='170' left='74'/>
	<text top='7' left='431' height='50' width='157'>Enter properties for this ground type. For a detailed description of the fields, see the documentation.</text>
	<button name='help' type='help' def-key='help' top='5' left='588'/>
</dialog>
