<?xml version='1.0' encoding='UTF-8' standalone='no'?>
<?xml-stylesheet href="dialog.xsl" type="text/xsl"?>
<dialog defbtn='okay'>
	<!-- OK button -->
	<field name='parent' top='22' left='377' width='52' height='14'/>
	<field name='title' top='42' left='174' width='189' height='16'/>
	<field name='comment' top='66' left='174' width='189' height='16'/>
	<field name='dunno' top='90' left='254' width='246' height='43'/>
	<field name='look' top='147' left='73' width='427' height='68'/>
	<field name='name' top='239' left='73' width='427' height='67'/>
	<field name='job' top='332' left='73' width='427' height='67'/>
	<button name='okay' type='regular' top='405' left='441'>OK</button>
	<button name='cancel' type='regular' def-key='esc' top='405' left='375'>Cancel</button>
	<pict type='dlog' num='16' top='8' left='8'/>
	<text size='large' top='6' left='50' width='249' height='15'>Edit Character Basic Dialogue</text>
	<text top='22' left='50' width='157' height='14'>For personality number:</text>
	<text name='num' top='22' left='210' width='52' height='14'/>
	<text top='22' left='270' width='107' height='14'>Parent number:</text> <!-- add comment to say that this is used to refer to a default personality-->
	<text top='43' left='50' width='114' height='14'>Character name:</text>
	<text top='67' left='50' width='114' height='14'>Comment:</text>
	<text top='91' left='50' width='173' height='14'>Don't Understand response:</text>
	<text top='127' left='50' width='160' height='14'>Response to 'look'</text>
	<text top='220' left='50' width='165' height='14'>Response to 'name'</text>
	<text top='312' left='52' width='170' height='14'>Response to 'job'</text>
</dialog>
