<?xml version='1.0' encoding='UTF-8' standalone='no'?>
<?xml-stylesheet href="dialog.xsl" type="text/xsl"?>
<dialog defbtn='okay'>
	<pict type='dlog' num='16' top='8' left='8'/>
	<text size='large' top='18' left='50' width='250' height='17'>Edit Monster Ability:</text>
	<text top='52' left='10' width='100' height='16'>For monster:</text>
	<text name='monst' framed='true' top='52' left='120' width='200' height='16'/>
	<text top='80' left='10' width='100' height='16'>Display name:</text>
	<text name='name' framed='true' top='80' left='120' width='200' height='16'/>
	<text top='108' left='10' width='100' height='16'>Ability Type:</text>
	<text name='type' framed='true' top='108' left='120' width='200' height='16'/>
	<text top='136' left='10' width='100' height='16'>Action Point Cost:</text>
	<text name='ap' framed='true' top='136' left='120' width='200' height='16'/>
	
	<text name='extra1-title' framed='true' top='164' left='10' width='200' height='16'>Extra 1</text>
	<field name='extra1' top='162' left='220' width='70' height='16'/>
	<button name='pick-extra1' type='large' top='161' left='300'>Create/Edit</button>
	
	<text name='extra2-title' framed='true' top='192' left='10' width='200' height='16'>Extra 2</text>
	<field name='extra2' top='190' left='220' width='70' height='16'/>
	
	<text name='extra3-title' framed='true' top='220' left='10' width='200' height='16'>Extra 3</text>
	<field name='extra3' top='218' left='220' width='70' height='16'/>
	
	<button name='okay' type='regular' top='244' left='339'>OK</button>
	<button name='cancel' type='regular' def-key='esc' top='244' left='274'>Cancel</button>
	<button name='delete' type='regular' top='244' left='10'>Delete</button>
</dialog>
