<?xml version='1.0' encoding='UTF-8' standalone='no'?>
<?xml-stylesheet href="dialog.xsl" type="text/xsl"?>
<dialog defbtn='okay'>
	<!-- OK button -->
	<field name='key1' top='54' left='165' width='52' height='16'/>
	<field name='key2' top='54' left='285' width='52' height='16'/>
	
	<button name='prev' type='left' def-key='left' top='415' left='255'/>
	<button name='next' type='right' def-key='right' top='415' left='320'/>
	<button name='okay' type='regular' top='415' left='445'>OK</button>
	<button name='cancel' type='regular' def-key='esc' top='415' left='380'>Cancel</button>
	<button name='back' type='large' top='415' left='49'>Go Back</button>
	<button name='new' type='large' top='415' left='155'>Create New</button>

	<pict type='dlog' num='16' top='8' left='8'/>
	<text size='large' top='6' left='50' width='167' height='14'>Edit Character Dialogue</text>
	<text size='large' top='27' left='50' width='120' height='14'>For personality:</text>
	<text size='large' name='who' top='26' left='186' width='64' height='16'/>
	<text size='large' top='55' left='50' width='87' height='14'>Response to:</text>
	<text top='55' left='224' width='52' height='14'>and to:</text>

	<code name='code' top='77' left='8' width='500' height='100'/>
	<button name='code-reindent' type='large' top='180' left='5'>Reindent code</button>
	<button name='code-check' type='large' top='180' left='110'>Check code</button>

	<button name='insert-enum' type='tiny' top='190' left='230'>add an enum</button>

	<text framed='true' top='182' left='314' width='180' height='30'/>
	<text top='185' left='350' width='50' height='10'>Insert functions:</text>
	<button name='function-int' type='tiny' top='200' left='320'>-> int</button>
	<button name='function-string' type='tiny' top='200' left='370'>-> string</button>
	<button name='function-void' type='tiny' top='200' left='440'>-> void</button>

	<text size='large' top='223' left='1' width='83' height='15'>Message 1:</text>
	<field name='str1' top='223' left='75' width='430' height='80'/>
	<text size='large' top='328' left='1' width='80' height='14'>Message 2:</text>
	<field name='str2' top='328' left='75' width='434' height='80'/>
	<text top='21' left='256' width='207' height='29'>
		If -1: Node is unused,
		-2: All personalities use this response.
	</text>
</dialog>
