<?xml version='1.0' encoding='UTF-8' standalone='no'?>
<?xml-stylesheet href="dialog.xsl" type="text/xsl"?>
<dialog defbtn='okay'>
	<text top='4' left='50' width='312' height='16'>BLADES OF EXILE - SPECIAL NODES</text>
	<pict type='dlog' num='16' top='6' left='6'/>
	<text top='22' left='50' width='413' height='56'>
		Type the number of the new special to be created (a positif number)
		or one of specific special number:
	</text>
	<text top='49' left='50' width='414' height='64'>
		-1000 static definitions: in this special, you can define some persistent static
			variables. This node is called the first time, a scenario/town/outdoor is entered.|
		Example: |
			int s_number=100, s_i; |
			int[] s_mylist=[2,3,4], s_mylist2; |
		-1001 init code: this code is launched before any other code is executed in this section |
		Example: |
			s_mylist2.resize(10,-1); |
			s_mylist2[4]=3; |
		-900  tick change: this special is called every time, the tick changes (in town/outdoor)
	</text>
	<text name='town-special' top='124' left='50' width='412' height='90'>
		-200 enter town: this special is called each time a (not abandonned) town is entered |
		-201 enter abandonned town: this special is called each time a abandonned town is entered |
		-202 town goes hostile: this special is called when a town goes hostile.
	</text>
	<button name='okay' type='regular' top='214' left='403'>OK</button>
</dialog>
