<?xml version='1.0' encoding='UTF-8' standalone='no'?>
<?xml-stylesheet href="dialog.xsl" type="text/xsl"?>
<dialog defbtn='okay'>
	<pict type='dlog' num='16' top='8' left='8'/>
	<text name='title' size='large' top='6' left='50' width='256' height='17'>Edit Vehicle</text>
	
	<text top='25' left='50' width='97' height='14'>Number</text>
	<field name='num' top='25' left='152' width='46' height='14'/>
	
	<text top='50' left='50' width='106' height='14'>Starting Area</text>
	<text name='area' top='50' left='152' width='100' height='16' framed='true'/>
	
	<text top='75' left='50' width='76' height='25'>Location</text>
	<text name='loc' top='75' left='152' width='40' height='16'/>
	
	<led name='owned' state='off' top='100' left='60' width='70'>Not Party Property</led>
	
	<button name='cancel' type='regular' def-key='esc' top='125' left='51'>Cancel</button>
	<button name='del' type='regular' top='125' left='114'>Delete</button>
	<button name='okay' type='regular' top='125' left='277'>OK</button>
</dialog>
