<?xml version='1.0' encoding='UTF-8' standalone='no'?>
<?xml-stylesheet href="dialog.xsl" type="text/xsl"?>
<dialog defbtn='okay'>
	<!-- OK button -->
	<field name='onexit1' top='77' left='308' width='67' height='16'/>
	<field name='onexit2' top='105' left='308' width='67' height='16'/>
	<field name='onexit3' top='77' left='440' width='67' height='16'/>
	<field name='onexit4' top='105' left='440' width='67' height='16'/>
	<field name='exit1-x' top='171' left='323' width='39' height='16'/>
	<field name='exit1-y' top='171' left='371' width='39' height='16'/>
	<field name='exit2-x' top='198' left='323' width='39' height='16'/>
	<field name='exit2-y' top='198' left='371' width='39' height='16'/>
	<field name='exit3-x' top='225' left='323' width='39' height='16'/>
	<field name='exit3-y' top='225' left='371' width='39' height='16'/>
	<field name='exit4-x' top='252' left='323' width='39' height='16'/>
	<field name='exit4-y' top='252' left='371' width='39' height='16'/>
	<pict type='dlog' num='16' top='8' left='8'/>
	<text size='large' top='6' left='50' width='256' height='17'>Advanced town details</text>
	<text top='25' left='50' width='439' height='40'>
		You can use this window to edit some of the more esoteric details for each town,
		such as specials called when entering or leaving town.
		All of these options are decribed in the documentation chapter on town editing.
	</text>
	<text top='68' left='50' width='197' height='64'>
		Exit town specials:
		(These are the numbers of the town special nodes to call when the party tries to leave town in the given direction.)
	</text>
	<text top='147' left='50' width='197' height='64'>
		Exit town location:
		(these are the locations the party ends up at outdoors if they leave in the given direction.
		Leave at -1 for the regular location to be used.)
	</text>
	<button name='edit-onexit1' type='tiny' top='81' left='251' width='49' height='15'>Top</button>
	<button name='edit-onexit2' type='tiny' top='109' left='251' width='49' height='15'>Left</button>
	<button name='edit-onexit3' type='tiny' top='81' left='382' width='53' height='15'>Bottom</button>
	<button name='edit-onexit4' type='tiny' top='109' left='382' width='49' height='15'>Right</button>
	<text top='172' left='257' width='49' height='15'>Top</text>
	<text top='199' left='258' width='49' height='15'>Left</text>
	<text top='225' left='258' width='53' height='15'>Bottom</text>
	<text top='253' left='259' width='49' height='15'>Right</text>
	<text top='152' left='331' width='35' height='15'>X</text>
	<text top='152' left='379' width='40' height='15'>Y</text>
	<button name='pick-town' type='tiny' top='216' left='30' width='120'>Town Background:</button>
	<field name='bg-town' top='214' left='160' width='80' height='16'/>
	<button name='pick-fight' type='tiny' top='242' left='30' width='120'>Combat Background:</button>
	<field name='bg-fight' top='238' left='160' width='80' height='16'/>
	<led name='hidden' font='plain' top='276' left='30' width='450'>
		Town hidden?
		(Can't be seen until it's made visible with a special encounter.)
	</led>
	<led name='nomap' font='plain' top='293' left='30' width='200'>No automap in this town</led>
	<led name='noscry' font='plain' top='310' left='30' width='200'>Defy scrying (Magic Map doesn't work)</led>
	<led name='barrier' font='plain' top='327' left='30' width='220'>Magical barriers are stronger in this town</led>
	<led name='tavern' font='plain' top='344' left='30' width='220'>You can create new PCs in this town</led>

	<button name='okay' type='regular' top='337' left='452'>OK</button>
	<button name='cancel' type='regular' def-key='esc' top='337' left='386'>Cancel</button>
</dialog>
