<?xml version='1.0' encoding='UTF-8' standalone='no'?>
<?xml-stylesheet href="dialog.xsl" type="text/xsl"?>
<dialog defbtn='cancel'>
	<pict type='dlog' num='16' top='6' left='6'/>
	<text top='6' left='48' width='252' height='91'>
		Warning: By deleting this sheet, graphics on subsequent sheets will no longer be recognized by the game.
		You can delete the sheet anyway, or you can move the subsequent sheets back one, overwriting this sheet.
		Note that, either way, anything referencing graphics on these sheets will have to be updated.
	</text>
	<button name='cancel' type='regular' top='101' left='234'>Cancel</button>
	<button name='move' type='large' top='101' left='63'>Move Sheets</button>
	<button name='del' type='regular' top='101' left='169'>Delete</button>
</dialog>
