<?xml version="1.0" encoding="UTF-8" standalone="no" ?>
<town boes="2.0.0">
    <size>48</size>
    <name>Warrior&apos;s Grove</name>
    <comment>Comment 1</comment>
    <comment>Comment 2</comment>
    <comment>Comment 3</comment>
    <bounds top="3" left="3" bottom="44" right="44" />
    <difficulty>0</difficulty>
    <lighting>lit</lighting>
    <flags>
        <tavern>true</tavern>
    </flags>
    <item id="0">
        <type>7</type>
        <contained>true</contained>
    </item>
    <item id="1">
        <type>5</type>
        <contained>true</contained>
    </item>
    <item id="2">
        <type>20</type>
    </item>
    <item id="3">
        <type>20</type>
    </item>
    <item id="4">
        <type>22</type>
    </item>
    <item id="5">
        <type>19</type>
    </item>
    <item id="6">
        <type>196</type>
        <property>true</property>
    </item>
    <item id="7">
        <type>108</type>
        <property>true</property>
    </item>
    <item id="8">
        <type>103</type>
        <property>true</property>
    </item>
    <item id="9">
        <type>0</type>
        <charges>15</charges>
        <contained>true</contained>
    </item>
    <item id="10">
        <type>23</type>
        <contained>true</contained>
    </item>
    <item id="11">
        <type>13</type>
        <always>true</always>
    </item>
    <item id="12">
        <type>65</type>
        <contained>true</contained>
    </item>
    <item id="13">
        <type>40</type>
        <property>true</property>
    </item>
    <item id="14">
        <type>46</type>
        <property>true</property>
    </item>
    <item id="15">
        <type>165</type>
    </item>
    <item id="16">
        <type>140</type>
        <property>true</property>
    </item>
    <item id="17">
        <type>171</type>
        <charges>9</charges>
    </item>
    <item id="18">
        <type>20</type>
        <contained>true</contained>
    </item>
    <item id="19">
        <type>9</type>
    </item>
    <item id="20">
        <type>10</type>
    </item>
    <item id="21">
        <type>261</type>
        <charges>2</charges>
        <contained>true</contained>
    </item>
    <item id="22">
        <type>45</type>
        <property>true</property>
    </item>
    <item id="23">
        <type>107</type>
        <property>true</property>
    </item>
    <creature id="0">
        <type>12</type>
        <attitude>friendly</attitude>
        <mobility>0</mobility>
        <personality>-1</personality>
        <face>0</face>
    </creature>
    <creature id="1">
        <type>12</type>
        <attitude>friendly</attitude>
        <mobility>0</mobility>
        <personality>-1</personality>
        <face>0</face>
    </creature>
    <creature id="2">
        <type>12</type>
        <attitude>friendly</attitude>
        <mobility>0</mobility>
        <personality>-1</personality>
        <face>0</face>
    </creature>
    <creature id="3">
        <type>12</type>
        <attitude>friendly</attitude>
        <mobility>0</mobility>
        <personality>-1</personality>
        <face>0</face>
    </creature>
    <creature id="4">
        <type>12</type>
        <attitude>friendly</attitude>
        <mobility>0</mobility>
        <personality>-1</personality>
        <face>0</face>
    </creature>
    <creature id="5">
        <type>12</type>
        <attitude>friendly</attitude>
        <mobility>0</mobility>
        <personality>-1</personality>
        <face>0</face>
    </creature>
    <creature id="6">
        <type>12</type>
        <attitude>friendly</attitude>
        <mobility>0</mobility>
        <personality>-1</personality>
        <face>0</face>
    </creature>
    <creature id="7">
        <type>12</type>
        <attitude>friendly</attitude>
        <mobility>0</mobility>
        <personality>-1</personality>
        <face>0</face>
    </creature>
    <creature id="8">
        <type>12</type>
        <attitude>friendly</attitude>
        <mobility>1</mobility>
        <personality>-1</personality>
        <face>0</face>
    </creature>
    <creature id="9">
        <type>12</type>
        <attitude>friendly</attitude>
        <mobility>1</mobility>
        <personality>-1</personality>
        <face>0</face>
    </creature>
    <creature id="10">
        <type>16</type>
        <attitude>docile</attitude>
        <mobility>0</mobility>
        <personality>0</personality>
        <face>33</face>
    </creature>
    <creature id="11">
        <type>6</type>
        <attitude>docile</attitude>
        <mobility>0</mobility>
        <personality>1</personality>
        <face>16</face>
    </creature>
    <creature id="12">
        <type>27</type>
        <attitude>docile</attitude>
        <mobility>1</mobility>
        <personality>2</personality>
        <face>3</face>
    </creature>
    <creature id="13">
        <type>110</type>
        <attitude>docile</attitude>
        <mobility>1</mobility>
        <personality>-1</personality>
        <face>-1</face>
    </creature>
    <creature id="14">
        <type>118</type>
        <attitude>hostile-a</attitude>
        <mobility>1</mobility>
        <personality>-1</personality>
        <face>0</face>
    </creature>
    <creature id="15">
        <type>22</type>
        <attitude>friendly</attitude>
        <mobility>0</mobility>
        <personality>3</personality>
        <face>41</face>
    </creature>
    <creature id="16">
        <type>1</type>
        <attitude>docile</attitude>
        <mobility>1</mobility>
        <personality>4</personality>
        <face>0</face>
    </creature>
    <creature id="17">
        <type>5</type>
        <attitude>docile</attitude>
        <mobility>1</mobility>
        <personality>5</personality>
        <face>4</face>
    </creature>
    <area top="26" left="15" bottom="32" right="22">Armory of Mayhem</area>
    <area top="35" left="8" bottom="39" right="14">Shrine of Divine Health</area>
    <area top="14" left="9" bottom="20" right="15">Sage&apos;s Library</area>
    <area top="8" left="33" bottom="18" right="39">Training Grounds</area>
    <area top="12" left="30" bottom="18" right="32">Training Grounds</area>
    <area top="29" left="29" bottom="39" right="39">The Warrior&apos;s Arms</area>
    <area top="8" left="15" bottom="14" right="21">Archer&apos;s Workshop</area>
    <area top="8" left="9" bottom="12" right="15">Highly Robbable House</area>
    <area top="12" left="9" bottom="14" right="15">Webby Walkway</area>
    <area top="26" left="5" bottom="30" right="10">West Guard Post</area>
    <area top="38" left="19" bottom="42" right="22">South Guard Post</area>
    <area top="5" left="26" bottom="9" right="30">North Guard Post</area>
    <sign id="0">
        <![CDATA[Training Arena|  All are welcome]]>
    </sign>
    <sign id="1">
        <![CDATA[The sign has a bow and arrows painted on it.]]>
    </sign>
    <sign id="2">
        <![CDATA[Walner - Sage|  Identification available|  Reasonable prices]]>
    </sign>
    <sign id="3">
        <![CDATA[Warrior's Arms|  VACANCY]]>
    </sign>
    <sign id="4">
        <![CDATA[Shrine of Divine Health]]>
    </sign>
    <sign id="5">
        <![CDATA[Tools of Violence and Mayhem]]>
    </sign>
    <sign id="6">
        <![CDATA[Step on this spot to end scenario.]]>
    </sign>
    <string id="0">
        <![CDATA[Do you wish to leave the scenario now?]]>
    </string>
    <string id="6">
        <![CDATA[You find a narrow, concealed walkway between two buildings. Webs hang from the ceiling, and the bones of unfortunate rats crunch underfoot.]]>
    </string>
</town>
