<?xml version='1.0' encoding='UTF-8' standalone='no'?>
<?xml-stylesheet href="dialog.xsl" type="text/xsl"?>
<dialog defbtn='okay'>
	<pict type='dlog' num='16' top='8' left='8'/>
	<text top='8' left='50' width='400' height='16'>DEBUG MODE HELP</text>
	<text top='22' left='50' width='400' height='250'>
		Debug mode is intended to aid you in testing your scenario.
		While in debug mode, monsters don't move in combat and are killed in one hit.
		In addition, you have access to a lot of additional hotkeys.<br/><br/>
		Debug hot keys<br/>
		  B - Leave town<br/>
		  C - Get cleaned up (lose negative status effects)<br/>
		  D - Toggle Debug mode<br/>
		  E - Stealth, Detect Life, Firewalk<br/>
		  F - Flight<br/>
		  G - Toggle Ghost mode (letting you pass through walls)<br/>
		  H - Heal<br/>
		  K - Kill everything<br/>
		  N - End Scenario<br/>
		  O - Location<br/>
		  Q - Magic map<br/>
		  R - Return to Start<br/>
		  S - Set stuff done flags<br/>
		  T - Enter Town<br/>
		  W - Refresh jobs/shops<br/>
		  = - Heal, increase magic skills<br/>
		  &lt; - Make one day pass<br/>
		  &gt; - Reset towns (excludes the one you're in, if any)<br/>
		  ! - Toggle Special Node Step-through Mode<br/>
		  / - Bring up this list<br/>
	</text>
	<button name='okay' type='regular' top='280' left='387'>OK</button>
</dialog>
