<?xml version='1.0' encoding='UTF-8' standalone='no'?>
<?xml-stylesheet href="dialog.xsl" type="text/xsl"?>
<dialog defbtn='okay'>
	<pict type='dlog' num='16' top='8' left='8'/>
	<text size='large' relative='pos pos-in' rel-anchor='prev' top='0' left='4' width='218' height='16'>
		BoE Character Editor Preferences
	</text>
	<led name='nosound' relative='pos-in pos' rel-anchor='prev' top='10' left='0' width='117'>No Sounds</led>
	<text name='scale-head' size='large' relative='pos-in pos' rel-anchor='prev' top='10' left='00' width='260' height='17'>Scale UI:</text>
	<group name='scaleui'>
		<led name='1' relative='pos-in pos' anchor='scale-head' top='4' left='15' width='33'>1</led>
		<led name='2' relative='pos-in pos' anchor='scale-head' top='4' left='55' width='33'>2</led>
		<led name='4' relative='pos-in pos' anchor='scale-head' top='4' left='95' width='33'>4</led>
		<led name='other' relative='pos-in pos' anchor='scale-head' top='4' left='135' width='43'>other</led>
	</group>
	
	<button name='okay' relative='abs pos' anchor='scale-head' type='regular' top='7' left='354'>OK</button>
	<button name='cancel' relative='neg pos-in' anchor='okay' type='regular' def-key='esc' top='0' left='73'>Cancel</button>
</dialog>
