<?xml version='1.0' encoding='UTF-8' standalone='no'?>
<?xml-stylesheet href="dialog.xsl" type="text/xsl"?>
<dialog defbtn='okay'>
	<!-- OK button -->
	<field type='uint' name='town' top='58' left='102' width='62' height='16'/>
	<button name='okay' type='regular' top='114' left='177'>OK</button>
	<button name='cancel' type='regular' top='114' left='111'>Cancel</button>
	<pict type='dlog' num='16' top='8' left='8'/>
	<text size='large' top='6' left='50' width='167' height='17'>Pick Town to Edit:</text>
	<text name='prompt' top='25' left='50' width='185' height='28'>
		Enter the number of the town you want to edit next:
	</text>
	<button name='choose' type='regular' top='56' left='169'>Choose</button>
	<text name='name' framed='true' top='87' left='50' width='213' height='20'/>
</dialog>
