<?xml version='1.0' encoding='UTF-8' standalone='no'?>
<?xml-stylesheet href="dialog.xsl" type="text/xsl"?>
<dialog defbtn='new'>
	<pict type='dlog' num='16' top='6' left='6'/>
	<text top='6' left='48' width='252' height='101'>
		Before you create the new sheet, you need to decide what its sheet number will be.
		Use the default value if you intend to fill the sheet with graphics such as terrains, items, monsters, etc.
		However, if you intend to use the sheet for certain special nodes that request a full sheet,
		you should probably give it a number of 100 or greater.
	</text>
	<text top='111' left='48' width='80' height='16'>Sheet number:</text>
	<field name='num' top='110' left='138' width='80' height='16'/>
	<button name='cancel' type='regular' top='141' left='234'>Cancel</button>
	<button name='new' type='regular' top='141' left='169'>Create</button>
</dialog>
