<?xml version='1.0' encoding='UTF-8' standalone='no'?>
<?xml-stylesheet href="dialog.xsl" type="text/xsl"?>
<dialog defbtn='no'>
	<pict type='dlog' num='7' top='6' left='6'/>
	<text top='6' left='48' width='249' height='67'>
		You are about to consign this character to the eternal void.<br/>
		<br/>
		Are you sure you want to do this?
	</text>
	<button name='no' type='regular' def-key='n' top='84' left='239'>No</button>
	<button name='yes' type='regular' def-key='y' top='84' left='172'>Yes</button>
</dialog>
