<?xml version='1.0' encoding='UTF-8' standalone='no'?>
<?xml-stylesheet href="dialog.xsl" type="text/xsl"?>
<dialog defbtn='okay'>
	<pict type='dlog' num='16' top='8' left='8'/>
	<text size='large' top='8' left='50' width='150' height='17'>Editing Shop Entry</text>
	<text top='50' left='10' width='100' height='16'>Name:</text>
	<field name='name' top='48' left='110' width='200' height='16'/>
	
	<text top='75' left='10' width='100' height='16'>Cost:</text>
	<field name='cost' type='uint' top='73' left='110' width='80' height='16'/>
	<text top='75' left='190' width='30' height='16'>Icon:</text>
	<pict name='icon' type='item' size='small' num='0' top='75' left='225'/>
	<button name='pickicon' top='71' left='247' type='regular'>Choose</button>

	<text top='100' left='10' width='100' height='16'>Code:</text>
	<editgroup name='editor'>
		<code name='code' top='115' left='10' width='400' height='200'/>
		<button name='insert-enum' type='tiny' top='325' left='30'>add an enum</button>
		<text framed='true' top='320' left='120' width='180' height='30'/>
		<text top='320' left='150' width='50' height='10'>Insert functions:</text>
		<button name='function-int' type='tiny' top='335' left='120'>-> int</button>
		<button name='function-string' type='tiny' top='335' left='170'>-> string</button>
		<button name='function-void' type='tiny' top='335' left='240'>-> void</button>
		<button name='code-reindent' type='large' top='355' left='10'>Reindent code</button>
		<button name='code-check' type='large' top='355' left='120'>Check code</button>
		<button name='template' type='tiny' top='355' left='240'>Add template(only jump)</button>
	</editgroup>

	<text top='385' left='10' width='100' height='16'>Description:</text>
	<field name='descr' top='383' left='110' width='300' height='100'/>
	<button name='cancel' type='regular' def-key='esc' top='490' left='290'>Cancel</button>
	<button name='okay' type='regular' top='490' left='360'>OK</button>
</dialog>
