<?xml version='1.0' encoding='UTF-8' standalone='no'?>
<?xml-stylesheet href="dialog.xsl" type="text/xsl"?>
<dialog defbtn='okay'>
	<field name='name' top='57' left='195' width='252' height='16'/>
	<field name='descr' top='84' left='195' width='252' height='104'/>
	<pict type='dlog' num='16' top='8' left='8'/>
	<text size='large' top='6' left='50' width='256' height='17'>Edit Special Items</text>
	<text top='58' left='50' width='132' height='14'>Name of Special Item:</text>
	<text top='85' left='50' width='118' height='27'>Special Item Description:</text>
	<button name='clear' type='large' top='15' left='329'>Clear Special</button>
	<text top='29' left='50' width='136' height='14'>Editing special item:</text>
	<text name='num' top='29' left='190' width='39' height='14'/>
	
	<text top='200' left='10' width='100' height='16'>Code:</text>
	<editgroup name='editor'>
		<code name='code' top='215' left='10' width='400' height='200'/>
		<button name='insert-enum' type='tiny' top='425' left='30'>add an enum</button>
		<text framed='true' top='420' left='120' width='180' height='30'/>
		<text top='420' left='150' width='50' height='10'>Insert functions:</text>
		<button name='function-int' type='tiny' top='435' left='120'>-> int</button>
		<button name='function-string' type='tiny' top='435' left='170'>-> string</button>
		<button name='function-void' type='tiny' top='435' left='240'>-> void</button>
		<button name='code-reindent' type='large' top='455' left='10'>Reindent code</button>
		<button name='code-check' type='large' top='455' left='120'>Check code</button>
		<button name='template' type='tiny' top='455' left='240'>Add template(only jump)</button>
	</editgroup>

	<button name='cancel' type='regular' top='485' left='332' def-key='esc'>Cancel</button>
	<button name='okay' type='regular' top='485' left='397'>OK</button>
	<button name='left' type='left' top='485' left='9'/>
	<button name='right' type='right' top='485' left='72'/>
</dialog>
