<?xml version='1.0' encoding='UTF-8' standalone='no'?>
<?xml-stylesheet href="dialog.xsl" type="text/xsl"?>
<dialog defbtn='okay'>
	<!--
	 TODO: Assign numeric types (type = 'int' or 'uint') to fields as appropriate
	 -->
	<pict type='dlog' num='16' top='8' left='8'/>
	<text size='large' top='6' left='50' width='256' height='17'>Townsperson/monster advanced</text>
	<text top='7' left='317' width='126' height='15'>Creature number:</text>
	<text name='num' top='7' left='454' width='50' height='15'/>

	<text top='28' left='62' width='97' height='15'>Creature type:</text>
	<text name='type' top='28' left='162' width='195' height='15'/>

	<led name='after-chop' top='28' left='317' width='160'>Creature appears after town dies</led>

	<text size='large' top='48' left='9' width='205' height='17'>Creature and special encs.</text>
	<text top='63' left='25' width='363' height='68'>
		What special encounter group is this creature a part of? (0 - none)<br/><br/>
		A creature which is part of a special group does not exist until it's created by a special encounter
		(like special node type One-Time Place Town Encounter).
	</text>
	<field name='group' tab-order='3' type='uint' top='65' left='397' width='50' height='16'/>

	<editgroup name='editor'>
		<code name='code' top='145' left='10' width='400' height='200'/>
		<button name='insert-enum' type='tiny' top='155' left='430'>add an enum</button>
		<text framed='true' top='180' left='415' width='110' height='70'/>
		<text top='180' left='417' width='50' height='10'>Insert functions:</text>
		<button name='function-int' type='tiny' top='195' left='430'>-> int</button>
		<button name='function-string' type='tiny' top='215' left='430'>-> string</button>
		<button name='function-void' type='tiny' top='235' left='430'>-> void</button>
		
		<button name='template' type='tiny' top='260' left='430'>add a template</button>
		<button name='code-reindent' type='large' top='290' left='430'>Reindent code</button>
		<button name='code-check' type='large' top='320' left='430'>Check code</button>
	</editgroup>
	<button name='okay' type='regular' top='350' left='89'>OK</button>
	<button name='cancel' type='regular' def-key='esc' top='350' left='8'>Cancel</button>
</dialog>
