<?xml version='1.0' encoding='UTF-8' standalone='no'?>
<?xml-stylesheet href="dialog.xsl" type="text/xsl"?>
<dialog defbtn='okay'>
	<pict type='dlog' num='16' top='8' left='8'/>
	<text size='large' top='8' left='50' width='150' height='17'>Editing Shop Entry</text>
	<text name='item' framed='true' top='50' left='10' width='200' height='16'/>
	<button name='choose' type='regular' top='47' left='220'>Choose</button>
	<text top='75' left='10' width='100' height='16'>Quantity:</text>
	<field name='amount' type='uint' top='73' left='110' width='80' height='16'/>
	<text top='75' left='200' width='80' height='16'>-1 = infinite</text>
	<text name='chance-prompt' top='100' left='10' width='100' height='16'>Chance:</text>
	<field name='chance' type='uint' top='98' left='110' width='80' height='16'/>
	<button name='cancel' type='regular' def-key='esc' top='120' left='10'>Cancel</button>
	<button name='okay' type='regular' top='120' left='220'>OK</button>
</dialog>
