<?xml version='1.0' encoding='UTF-8' standalone='no'?>
<?xml-stylesheet href="dialog.xsl" type="text/xsl"?>
<dialog defbtn='done'>
	<text size='large' top='6' left='50' height='17' width='138'>Edit Terrain Advanced</text>
	<pict name='graphic' type='ter' num='0' top='8' left='8'/>
	<text top='8' left='222' height='14' width='111'>Terrain number:</text>
	<text name='number' top='8' left='340' height='14' width='37'>*num</text>
	<text top='31' left='50' height='14' width='120'>Terrain name:</text>
	<text name='name' top='30' left='186' height='16' width='186'>*name</text>

	<text size='large' top='48' left='8' height='14' width='175'>Special properties:</text>
	<group name="prop">
		<led name='prop0' top='64' left='8' state='off' width='124'>None</led>
		<led name='prop1' top='79' left='8' state='off' width='124'>Change when step on</led>
		<led name='prop2' top='94' left='8' state='off' width='124'>Damaging terrain</led>
		<led name='prop3' top='109' left='8' state='off' width='124'>Is a bridge</led>
		<led name='prop4' top='124' left='8' state='off' width='124'>Change while occupied</led>
		<led name='prop5' top='139' left='8' state='off' width='124'>Dangerous terrain</led>
		<led name='prop6' top='64' left='158' state='off' width='124'>Crumbling terrain</led>
		<led name='prop7' top='79' left='158' state='off' width='124'>Lockable terrain</led>
		<led name='prop8' top='94' left='158' state='off' width='124'>Unlockable terrain</led>
		<led name='prop9' top='109' left='158' state='off' width='124'>Is a sign</led>
		<led name='prop10' top='124' left='158' state='off' width='124'>Is a container</led>
		<led name='prop11' top='139' left='158' state='off' width='124'>Waterfall (Caves)</led>
		<led name='prop12' top='64' left='308' state='off' width='124'>Waterfall (Surface)</led>
		<led name='prop13' top='79' left='308' state='off' width='124'>Conveyor Belt</led>
		<led name='prop14' top='94' left='308' state='off' width='124'>Blocked to monsters</led>
		<led name='prop15' top='109' left='308' state='off' width='124'>Town entrance</led>
		<led name='prop16' top='124' left='308' state='off' width='124'>Change when used</led>
	</group>

	<text top='165' left='9' height='14' width='91'>Extra values:</text>
	<text name='flag1text' framed='true' top='165' left='109' height='14' width='209'>*flag1</text>
	<field name='flag1' top='164' left='329' height='16' width='64' />
	<button name='pickflag1' top='161' left='404' type='regular'>Choose</button>
	<button name='editspec' top='161' left='404' type='large'>Create/Edit</button>
	<text name='flag2text' framed='true' top='187' left='109' height='14' width='209'>*flag2</text>
	<field name='flag2' top='186' left='329' height='16' width='64' />
	<button name='pickflag2' top='183' left='404' type='regular'>Choose</button>
	<text name='flag3text' framed='true' top='209' left='109' height='14' width='209'>*flag3</text>
	<field name='flag3' top='208' left='329' height='16' width='64' />
	<button name='pickflag3' top='205' left='404' type='regular'>Choose</button>

	<editgroup name='editor'>
		<code name='code' top='230' left='8' width='500' height='200'/>
		<button name='code-reindent' type='large' top='440' left='5'>Reindent code</button>
		<button name='code-check' type='large' top='440' left='110'>Check code</button>
		<button name='template' type='tiny' top='435' left='220'>add a template</button>
		<button name='insert-enum' type='tiny' top='450' left='220'>add an enum</button>
		<text framed='true' top='435' left='314' width='180' height='30'/>
		<text top='435' left='350' width='50' height='10'>Insert functions:</text>
		<button name='function-int' type='tiny' top='450' left='320'>-> int</button>
		<button name='function-string' type='tiny' top='450' left='370'>-> string</button>
		<button name='function-void' type='tiny' top='450' left='440'>-> void</button>
	</editgroup>
	
	<button name='done' type='regular' top='465' left='457'>OK</button>
	<button name='cancel' type='regular' def-key='esc' top='465' left='391'>Cancel</button>
</dialog>
