<?xml version='1.0' encoding='UTF-8' standalone='no'?>
<?xml-stylesheet href="dialog.xsl" type="text/xsl"?>
<dialog defbtn='done'>
	<button name='done' type='done' top='408' left='337'/>
	<pict type='dlog' num='2' top='10' left='10'/>
	<button name='pc1' type='small' def-key='1' top='354' left='89'><key/></button>
	<button name='pc2' type='small' def-key='2' top='354' left='174'><key/></button>
	<button name='pc3' type='small' def-key='3' top='354' left='259'><key/></button>
	<button name='pc4' type='small' def-key='4' top='397' left='89'><key/></button>
	<button name='pc5' type='small' def-key='5' top='397' left='174'><key/></button>
	<button name='pc6' type='small' def-key='6' top='397' left='259'><key/></button>
	<button name='up' type='up' def-key='up' top='5' left='342'/>
	<button name='down' type='down' def-key='down' top='346' left='342'/>
	<pict name='pc1-g' type='pc' num='0' top='348' left='123'/>
	<pict name='pc2-g' type='pc' num='0' top='348' left='208'/>
	<pict name='pc3-g' type='pc' num='0' top='348' left='293'/>
	<pict name='pc4-g' type='pc' num='0' top='393' left='123'/>
	<pict name='pc5-g' type='pc' num='0' top='393' left='208'/>
	<pict name='pc6-g' type='pc' num='0' top='393' left='293'/>
	<text name='title' size='large' top='6' left='64' width='199' height='18'>You Find:</text>
	<text framed='true' top='31' left='73' width='327' height='309'/>
	<text name='item1-key' top='37' left='74' width='311' height='36'/>
	<pict name='item1-g' type='item' num='0' top='37' left='80'/>
	<text name='item1-name' top='37' left='107' width='212' height='18'/>
	<text name='item1-detail' top='55' left='116' width='275' height='17'/>
	<text name='item2-key' top='74' left='74' width='311' height='36'/>
	<pict name='item2-g' type='item' num='0' top='74' left='80'/>
	<text name='item2-name' top='74' left='107' width='212' height='18'/>
	<text name='item2-detail' top='92' left='116' width='275' height='17'/>
	<text name='item3-key' top='111' left='74' width='311' height='36'/>
	<pict name='item3-g' type='item' num='0' top='111' left='80'/>
	<text name='item3-name' top='111' left='107' width='212' height='18'/>
	<text name='item3-detail' top='129' left='116' width='275' height='17'/>
	<text name='item4-key' top='148' left='74' width='311' height='36'/>
	<pict name='item4-g' type='item' num='0' top='148' left='80'/>
	<text name='item4-name' top='148' left='107' width='212' height='18'/>
	<text name='item4-detail' top='166' left='116' width='275' height='17'/>
	<text name='item5-key' top='185' left='74' width='311' height='36'/>
	<pict name='item5-g' type='item' num='0' top='185' left='80'/>
	<text name='item5-name' top='185' left='107' width='212' height='18'/>
	<text name='item5-detail' top='203' left='116' width='275' height='17'/>
	<text name='item6-key' top='222' left='74' width='311' height='36'/>
	<pict name='item6-g' type='item' num='0' top='222' left='80'/>
	<text name='item6-name' top='222' left='107' width='212' height='18'/>
	<text name='item6-detail' top='240' left='116' width='275' height='17'/>
	<text name='item7-key' top='259' left='74' width='311' height='36'/>
	<pict name='item7-g' type='item' num='0' top='259' left='80'/>
	<text name='item7-name' top='259' left='107' width='212' height='18'/>
	<text name='item7-detail' top='277' left='116' width='275' height='17'/>
	<text name='item8-key' top='297' left='74' width='311' height='36'/>
	<pict name='item8-g' type='item' num='0' top='297' left='80'/>
	<text name='item8-name' top='297' left='107' width='212' height='18'/>
	<text name='item8-detail' top='315' left='116' width='275' height='17'/>
	<!-- End of item entries -->
	<!-- Note: These two were originally framed, but I removed that because the code was unframing them before displaying the dialog. -->
	<text top='203' left='1' width='64' height='125'>
		=Keyboard: To get item, hit 'a' - 'h'.
		To scroll, hit up and down arrows.
	</text>
	<text name='prompt' top='347' left='1' width='66' height='79'/>
	<text name='item1-weight' top='37' left='319' width='78' height='18'/>
	<text name='item2-weight' top='74' left='319' width='78' height='18'/>
	<text name='item3-weight' top='111' left='319' width='78' height='18'/>
	<text name='item4-weight' top='148' left='319' width='78' height='18'/>
	<text name='item5-weight' top='185' left='319' width='78' height='18'/>
	<text name='item6-weight' top='222' left='319' width='78' height='18'/>
	<text name='item7-weight' top='259' left='319' width='78' height='18'/>
	<text name='item8-weight' top='297' left='319' width='78' height='18'/>
</dialog>
