<?xml version='1.0' encoding='UTF-8' standalone='no'?>
<?xml-stylesheet href="dialog.xsl" type="text/xsl"?>
<dialog defbtn='save'>
	<pict type='dlog' num='16' top='6' left='6'/>
	<text top='6' left='49' width='296' height='47'>
		If you exit the dialog now, you may lose changes to special nodes you were previously working on.
		Do you want to exit so anyway, or just cancel editing the current node and return to the previous one?
	</text>
	<button name='save' type='large' top='54' left='240'>Forget It</button>
	<button name='cancel' type='large' def-key='esc' top='54' left='136'>Cancel All</button>
	<button name='revert' type='large' top='54' left='31'>Just One</button>
</dialog>
