<?xml version='1.0' encoding='UTF-8' standalone='no'?>
<?xml-stylesheet href="dialog.xsl" type="text/xsl"?>
<dialog defbtn='okay'>
	<!--
	 TODO: Assign numeric types (type = 'int' or 'uint') to fields as appropriate
	 -->
	<pict type='dlog' num='16' top='8' left='8'/>
	<text name='title' size='large' top='6' left='50' width='158' height='16'>Edit Special Node</text>
	<text top='8' left='240' width='90' height='14'>Node number:</text>
	<text name='num' top='8' left='314' width='38' height='14'/>
	
	<code name='code' top='48' left='8' width='450' height='435'/>
	
	<text top='40' left='480' width='60' height='14'>Enums</text>
	<button name='insert-enum' type='tiny' top='60' left='480'>add an enum</button>
	
	<text top='100' left='480' width='80' height='14'>Add/Show</text>
	<button name='insert-creature' type='tiny' top='120' left='480'>creature</button>
	<button name='insert-item' type='tiny' top='135' left='480'>item</button>
	<button name='insert-monster' type='tiny' top='150' left='480'>monster</button>
	<button name='insert-personality' type='tiny' top='165' left='480'>personality</button>
	<button name='insert-quest' type='tiny' top='180' left='480'>quest</button>
	<button name='insert-shop' type='tiny' top='195' left='480'>shop</button>
	<button name='insert-special-item' type='tiny' top='210' left='480'>special item</button>
	<button name='insert-terrain' type='tiny' top='225' left='480'>terrain</button>
	<button name='insert-town' type='tiny' top='240' left='480'>town</button>

	<text top='265' left='480' width='80' height='14'>Add functions</text>
	<button name='function-int' type='tiny' top='285' left='480'>-> int</button>
	<button name='function-intlist' type='tiny' top='300' left='480'>-> [int]</button>
	<button name='function-string' type='tiny' top='315' left='480'>-> string</button>
	<!-- <button name='function-stringlist' type='tiny' top='330' left='480'>-> [string]</button> -->
	<button name='function-void' type='tiny' top='330' left='480'>-> void</button>

	<button name='code-reindent' type='large' top='410' left='480'>Reindent code</button>
	<button name='code-check' type='large' top='441' left='480'>Check code</button>

	<led name='code-once' top='36' left='80' width='20'>once</led>
	<led name='code-enter' top='36' left='150' width='20'>entering</led>
	<led name='code-target' top='36' left='220' width='20'>targetting</led>

	<button name='okay' type='regular' top='494' left='522'>OK</button>
	<button name='cancel' type='regular' def-key='esc' top='494' left='456'>Cancel</button>
	<button name='back' type='large' top='494' left='10'>Go Back</button>
</dialog>
